Date,AAPL,AMZN,GOOGL,MSFT,SPY
2023-01-03,123.21119689941406,85.81999969482422,88.50955200195312,233.98562622070312,367.1507568359375
2023-01-04,124.48202514648438,85.13999938964844,87.47666931152344,223.75035095214844,369.98529052734375
2023-01-05,123.16194915771484,83.12000274658203,85.60953521728516,217.11891174316406,365.762451171875
2023-01-06,127.69358825683594,86.08000183105469,86.7417221069336,219.677734375,374.150146484375
2023-01-09,128.2156982421875,87.36000061035156,87.41707611083984,221.8165740966797,373.93804931640625
2023-01-10,128.78709411621094,89.87000274658203,87.8143310546875,223.50621032714844,376.5604553222656
2023-01-11,131.50608825683594,95.08999633789062,90.89310455322266,230.26461791992188,381.3230895996094
2023-01-12,131.42726135253906,95.2699966430664,90.5057601928711,232.9406280517578,382.7114562988281
2023-01-13,132.7571563720703,98.12000274658203,91.48899841308594,233.64382934570312,384.1961669921875
2023-01-17,133.9196319580078,96.05000305175781,90.66468048095703,234.73768615722656,383.4923400878906
2023-01-18,133.2005157470703,95.45999908447266,90.495849609375,230.3036651611328,377.4377746582031
2023-01-19,133.25962829589844,93.68000030517578,92.41262817382812,226.5142822265625,374.6900939941406
2023-01-20,135.82095336914062,97.25,97.34857177734375,234.61070251464844,381.6701965332031
2023-01-23,139.01283264160156,97.5199966430664,99.1064453125,236.9156036376953,386.2497253417969
2023-01-24,140.41172790527344,96.31999969482422,97.03077697753906,236.38819885253906,385.8351135253906
2023-01-25,139.75167846679688,97.18000030517578,94.5677490234375,234.99159240722656,385.979736328125
2023-01-26,141.8204803466797,99.22000122070312,96.85200500488281,242.20904541015625,390.2218322753906
2023-01-27,143.76116943359375,102.23999786376953,98.68932342529297,242.36529541015625,391.11846923828125
2023-01-30,140.87472534179688,100.55000305175781,96.27597045898438,237.04258728027344,386.21112060546875
2023-01-31,142.1455535888672,103.12999725341797,98.16295623779297,242.02346801757812,391.8897705078125
2023-02-01,143.26861572265625,105.1500015258789,99.74205780029297,246.84811401367188,396.05462646484375
2023-02-02,148.57850646972656,112.91000366210938,107.00199127197266,258.4214782714844,401.82000732421875
2023-02-03,152.20382690429688,103.38999938964844,104.06227111816406,252.31736755371094,397.5490417480469
2023-02-06,149.47500610351562,102.18000030517578,102.19514465332031,250.77423095703125,395.1195373535156
2023-02-07,152.3515625,102.11000061035156,106.9026870727539,261.3122863769531,400.2870788574219
2023-02-08,149.6621551513672,100.05000305175781,98.68932342529297,260.501708984375,395.9100341796875
2023-02-09,148.6277618408203,98.23999786376953,94.35919952392578,257.4642333984375,392.47784423828125
2023-02-10,148.99281311035156,97.61000061035156,93.92221069335938,256.9564208984375,393.39373779296875
2023-02-13,151.7948760986328,99.54000091552734,93.9619369506836,264.9844665527344,398.0117492675781
2023-02-14,151.15357971191406,99.69999694824219,94.03144836425781,265.814697265625,397.8287048339844
2023-02-15,153.25511169433594,101.16000366210938,96.27597045898438,263.69000244140625,399.1205749511719
2023-02-16,151.65675354003906,98.1500015258789,94.85577392578125,256.6698913574219,393.6250915527344
2023-02-17,150.5122528076172,97.19999694824219,93.7037124633789,252.66537475585938,392.6417541503906
2023-02-21,146.4966278076172,94.58000183105469,91.16124725341797,247.38807678222656,384.7650146484375
2023-02-22,146.92086791992188,95.79000091552734,91.02220153808594,246.2523193359375,384.2347412109375
2023-02-23,147.40435791015625,95.81999969482422,90.26741790771484,249.44418334960938,386.27862548828125
2023-02-24,144.75027465820312,93.5,88.51946258544922,244.0102081298828,382.1522521972656
2023-02-27,145.944091796875,93.76000213623047,89.25440216064453,244.9305419921875,383.45379638671875
2023-02-28,145.44090270996094,94.2300033569336,89.44310760498047,244.20602416992188,382.0365905761719
2023-03-01,143.3689422607422,92.16999816894531,89.74105072021484,241.12185668945312,380.57110595703125
2023-03-02,143.96095275878906,92.12999725341797,91.36981964111328,245.86070251464844,383.53094482421875
2023-03-03,149.01255798339844,94.9000015258789,93.00851440429688,249.9532928466797,389.6819152832031
2023-03-06,151.77516174316406,93.75,94.47837829589844,251.50025939941406,389.9518737792969
2023-03-07,149.574951171875,93.55000305175781,93.21707153320312,248.8371124267578,383.974365234375
2023-03-08,150.82797241210938,93.91999816894531,93.60440826416016,248.39651489257812,384.6011047363281
2023-03-09,148.5784454345703,92.25,91.6876220703125,247.04539489746094,377.50518798828125
2023-03-10,146.51634216308594,90.7300033569336,90.00919342041016,243.3933563232422,372.05810546875
2023-03-13,148.4600372314453,92.43000030517578,90.48590850830078,248.61192321777344,371.5277404785156
2023-03-14,150.5517120361328,94.87999725341797,93.3263168334961,255.33836364746094,377.6691589355469
2023-03-15,150.94639587402344,96.19999694824219,95.45166015625,259.8910827636719,375.30712890625
2023-03-16,153.7681884765625,100.04000091552734,99.63282775878906,270.4262390136719,381.8919372558594
2023-03-17,152.9295196533203,98.94999694824219,100.92391967773438,273.5886535644531,377.4266357421875
2023-03-20,155.29745483398438,97.70999908447266,100.52665710449219,266.5391845703125,381.0557861328125
2023-03-21,157.15234375,100.61000061035156,104.20130920410156,268.0567932128906,386.0592041015625
2023-03-22,155.72171020507812,98.69999694824219,102.66194152832031,266.597900390625,379.478271484375
2023-03-23,156.80702209472656,98.70999908447266,104.87665557861328,271.85565185546875,380.5041809082031
2023-03-24,158.10940551757812,98.12999725341797,104.7177505493164,274.7048034667969,383.0010070800781
2023-03-27,156.16567993164062,98.04000091552734,101.7581558227539,270.6024169921875,383.7171936035156
2023-03-28,155.5441131591797,97.23999786376953,100.33795928955078,269.4765625,382.85589599609375
2023-03-29,158.6224365234375,100.25,100.69549560546875,274.6460876464844,388.420654296875
2023-03-30,160.19122314453125,102.0,100.19892120361328,278.1120910644531,390.6949768066406
2023-03-31,162.69728088378906,103.29000091552734,103.01947021484375,282.2732849121094,396.20159912109375
2023-04-03,163.95030212402344,102.41000366210938,103.64514923095703,281.22564697265625,397.71136474609375
2023-04-04,163.41754150390625,103.94999694824219,104.002685546875,281.1766662597656,395.5047912597656
2023-04-05,161.57252502441406,101.0999984741211,103.75440216064453,278.39605712890625,394.4693298339844
2023-04-06,162.46047973632812,102.05999755859375,107.67733764648438,285.5042419433594,396.0080871582031
2023-04-10,159.86563110351562,102.16999816894531,105.71090698242188,283.3404541015625,396.4145202636719
2023-04-11,158.65208435058594,99.91999816894531,104.62837219238281,276.9176330566406,396.52099609375
2023-04-12,157.96142578125,97.83000183105469,103.92323303222656,277.5637512207031,394.9048156738281
2023-04-13,163.34844970703125,102.4000015258789,106.69412231445312,283.7810974121094,400.150146484375
2023-04-14,163.00315856933594,102.51000213623047,108.12425231933594,280.1584167480469,399.1727600097656
2023-04-17,163.02288818359375,102.73999786376953,105.2441177368164,282.7627258300781,400.60504150390625
2023-04-18,164.24630737304688,102.30000305175781,103.78418731689453,282.34173583984375,400.8663330078125
2023-04-19,165.39083862304688,104.30000305175781,103.46637725830078,282.4200744628906,400.798583984375
2023-04-20,164.4238739013672,103.80999755859375,104.56877899169922,280.1290283203125,398.6114196777344
2023-04-21,162.81568908691406,106.95999908447266,104.6879653930664,279.78631591796875,398.92108154296875
2023-04-24,163.12155151367188,106.20999908447266,105.2441177368164,275.8797302246094,399.3372497558594
2023-04-25,161.58238220214844,102.56999969482422,103.1386489868164,269.6624755859375,392.9982604980469
2023-04-26,161.57252502441406,104.9800033569336,102.99960327148438,289.1954345703125,391.3336486816406
2023-04-27,166.16041564941406,109.81999969482422,106.85301971435547,298.4576721191406,399.12432861328125
2023-04-28,167.41342163085938,105.44999694824219,106.604736328125,300.8368835449219,402.5309143066406
2023-05-01,167.32461547851562,102.05000305175781,106.46569061279297,299.1724548339844,402.12451171875
2023-05-02,166.2886505126953,103.62999725341797,104.59857177734375,299.02557373046875,397.60491943359375
2023-05-03,165.2132110595703,103.6500015258789,104.6879653930664,298.0366516113281,394.87579345703125
2023-05-04,163.57537841796875,104.0,103.97289276123047,299.02557373046875,392.078857421875
2023-05-05,171.25148010253906,105.66000366210938,104.84685516357422,304.156005859375,399.3372497558594
2023-05-08,171.1824188232422,105.83000183105469,107.03178405761719,302.1978454589844,399.4436950683594
2023-05-09,169.4755096435547,106.62000274658203,106.61467742919922,300.58233642578125,397.6919860839844
2023-05-10,171.24160766601562,110.19000244140625,110.98452758789062,305.7813415527344,399.55010986328125
2023-05-11,171.4290771484375,112.18000030517578,115.77152252197266,303.6273193359375,398.8533630371094
2023-05-12,170.50035095214844,110.26000213623047,116.705078125,302.5111389160156,398.3307189941406
2023-05-15,170.00634765625,111.19999694824219,115.71192932128906,302.99090576171875,399.70501708984375
2023-05-16,170.00634765625,113.4000015258789,118.69136810302734,305.2232666015625,397.033935546875
2023-05-17,170.61892700195312,115.5,120.01226043701172,308.1080627441406,401.85345458984375
2023-05-18,172.95059204101562,118.1500015258789,121.98863983154297,312.5432434082031,405.7246398925781
2023-05-19,173.0592803955078,116.25,121.91911315917969,312.3666076660156,405.1343078613281
2023-05-22,172.1107635498047,115.01000213623047,124.19343566894531,315.1533508300781,405.298828125
2023-05-23,169.50244140625,114.98999786376953,121.72047424316406,309.34442138671875,400.7502136230469
2023-05-24,169.7790985107422,116.75,120.07185363769531,307.9608459472656,397.84686279296875
2023-05-25,170.91531372070312,115.0,122.6341781616211,319.8044128417969,401.29217529296875
2023-05-26,173.32601928710938,120.11000061035156,123.7564468383789,326.6436767578125,406.4891662597656
2023-05-30,175.17361450195312,121.66000366210938,122.8228759765625,324.9951171875,406.6439514160156
2023-05-31,175.12420654296875,120.58000183105469,122.02836608886719,322.22802734375,404.3891296386719
2023-06-01,177.93011474609375,122.7699966430664,122.8725357055664,326.3394470214844,408.2311706542969
2023-06-02,178.77984619140625,124.25,123.81603240966797,329.1065368652344,414.134765625
2023-06-05,177.42625427246094,125.30000305175781,125.1468505859375,329.63641357421875,413.341064453125
2023-06-06,177.06072998046875,126.61000061035156,126.43794250488281,327.4187927246094,414.2411193847656
2023-06-07,175.68736267089844,121.2300033569336,121.660888671875,317.31207275390625,412.8088073730469
2023-06-08,178.40438842773438,124.25,121.30335235595703,319.15679931640625,415.3056945800781
2023-06-09,178.7897186279297,123.43000030517578,121.39274597167969,320.6581115722656,416.0509338378906
2023-06-12,181.5857696533203,126.56999969482422,122.7930908203125,325.6231689453125,419.82525634765625
2023-06-13,181.11154174804688,126.66000366210938,122.98178100585938,328.0173645019531,422.5931701660156
2023-06-14,181.74386596679688,126.41999816894531,122.8228759765625,331.0101013183594,423.0964050292969
2023-06-15,183.77914428710938,127.11000061035156,124.233154296875,341.5682373046875,428.3418273925781
2023-06-16,182.70223999023438,125.48999786376953,122.683837890625,335.906494140625,426.8827819824219
2023-06-20,182.7911376953125,125.77999877929688,122.25678253173828,331.706787109375,424.66802978515625
2023-06-21,181.75375366210938,124.83000183105469,119.7242660522461,327.301025390625,422.49212646484375
2023-06-22,184.75729370117188,130.14999389648438,122.30644226074219,333.33563232421875,424.0172119140625
2023-06-23,184.44110107421875,129.3300018310547,121.50198364257812,328.7336120605469,420.8116149902344
2023-06-26,183.04803466796875,127.33000183105469,117.52938079833984,322.4341125488281,419.0923156738281
2023-06-27,185.8045654296875,129.17999267578125,117.51946258544922,328.2921142578125,423.68695068359375
2023-06-28,186.98028564453125,129.0399932861328,119.3567886352539,329.5480651855469,423.900634765625
2023-06-29,187.31622314453125,127.9000015258789,118.28417205810547,328.76300048828125,425.5714111328125
2023-06-30,191.6436767578125,130.36000061035156,118.88007354736328,334.1501159667969,430.59344482421875
2023-07-03,190.1518096923828,130.22000122070312,119.07870483398438,331.64794921875,431.08880615234375
2023-07-05,189.03536987304688,130.3800048828125,120.91602325439453,331.8049011230469,430.44775390625
2023-07-06,189.5095977783203,128.36000061035156,119.28726196289062,334.86639404296875,427.0770568847656
2023-07-07,188.39312744140625,129.77999877929688,118.66158294677734,330.89239501953125,425.998779296875
2023-07-10,186.3479766845703,127.12999725341797,115.65233612060547,325.6034851074219,427.0770568847656
2023-07-11,185.82435607910156,128.77999877929688,116.33761596679688,326.23150634765625,429.7969055175781
2023-07-12,187.49404907226562,130.8000030517578,118.11534881591797,330.87274169921875,433.2550048828125
2023-07-13,188.2548065185547,134.3000030517578,123.68692016601562,336.230224609375,436.6936950683594
2023-07-14,188.4029998779297,134.67999267578125,124.5608901977539,338.7618408203125,436.4217529296875
2023-07-17,191.6634521484375,133.55999755859375,123.7961654663086,339.2427673339844,437.93707275390625
2023-07-18,191.40655517578125,132.8300018310547,122.91226959228516,352.7445068359375,441.191162109375
2023-07-19,192.76014709472656,135.36000061035156,121.19409942626953,348.41729736328125,442.1723327636719
2023-07-20,190.8137664794922,129.9600067138672,118.38349914550781,340.3612365722656,439.2386779785156
2023-07-21,189.63804626464844,130.0,119.19788360595703,337.31951904296875,439.2386779785156
2023-07-24,190.4383087158203,128.8000030517578,120.6975326538086,338.63427734375,441.2008972167969
2023-07-25,191.29786682128906,129.1300048828125,121.37287139892578,344.3941650390625,442.4054260253906
2023-07-26,192.16732788085938,128.14999389648438,128.384521484375,331.43206787109375,442.47344970703125
2023-07-27,190.9026641845703,128.25,128.5136260986328,324.51434326171875,439.53985595703125
2023-07-28,193.48138427734375,132.2100067138672,131.67184448242188,332.0207824707031,443.8430480957031
2023-07-31,194.09393310546875,133.67999267578125,131.81088256835938,329.6168518066406,444.68817138671875
2023-08-01,193.26400756835938,131.69000244140625,130.64891052246094,330.02886962890625,443.4156494140625
2023-08-02,190.2703399658203,128.2100067138672,127.5006332397461,321.354736328125,437.24737548828125
2023-08-03,188.87725830078125,128.91000366210938,127.57012939453125,320.530517578125,435.9942932128906
2023-08-04,179.80738830566406,139.57000732421875,127.23246002197266,321.62945556640625,434.02239990234375
2023-08-07,176.70501708984375,142.22000122070312,130.6290283203125,323.915771484375,437.810791015625
2023-08-08,177.64361572265625,139.94000244140625,130.49990844726562,319.931884765625,435.90692138671875
2023-08-09,176.05291748046875,137.85000610351562,128.77183532714844,316.18365478515625,432.99273681640625
2023-08-10,175.83555603027344,138.55999755859375,128.80165100097656,316.8704833984375,433.1481628417969
2023-08-11,175.89495849609375,138.41000366210938,128.6725311279297,314.9865417480469,432.89556884765625
2023-08-14,177.54714965820312,140.57000732421875,130.430419921875,317.9596862792969,435.2851867675781
2023-08-15,175.5585479736328,137.6699981689453,128.89102172851562,315.820556640625,430.2145690917969
2023-08-16,174.68795776367188,135.07000732421875,127.81842041015625,315.0535583496094,427.0576477050781
2023-08-17,172.1453399658203,133.97999572753906,129.0300750732422,311.59234619140625,423.803466796875
2023-08-18,172.63011169433594,133.22000122070312,126.5869140625,311.1990966796875,424.00750732421875
2023-08-21,173.96571350097656,134.67999267578125,127.49066162109375,316.5089416503906,426.7662353515625
2023-08-22,175.34091186523438,134.25,128.19583129882812,317.0792541503906,425.6101989746094
2023-08-23,179.18942260742188,135.52000427246094,131.46327209472656,321.5434875488281,430.3505859375
2023-08-24,174.4999542236328,131.83999633789062,128.89102172851562,314.6307678222656,424.3863220214844
2023-08-25,176.70620727539062,133.25999450683594,128.99034118652344,317.5905456542969,427.3781433105469
2023-08-28,178.26937866210938,133.13999938964844,130.1125946044922,318.29852294921875,430.0883483886719
2023-08-29,182.157470703125,134.91000366210938,133.64822387695312,322.9300231933594,436.30511474609375
2023-08-30,185.64984130859375,135.07000732421875,134.94924926757812,323.3036193847656,438.1022033691406
2023-08-31,185.86749267578125,138.00999450683594,135.2372589111328,322.2908020019531,437.4610900878906
2023-09-01,187.44058227539062,138.1199951171875,134.7307586669922,323.1757507324219,438.27703857421875
2023-09-05,187.67800903320312,137.27000427246094,134.83999633789062,327.98419189453125,436.38287353515625
2023-09-06,180.96035766601562,135.36000061035156,133.53897094726562,327.3253479003906,433.44927978515625
2023-09-07,175.6674041748047,137.85000610351562,134.33348083496094,324.4049377441406,432.1184997558594
2023-09-08,176.28076171875,138.22999572753906,135.44583129882812,328.6921691894531,432.7693176269531
2023-09-11,177.4481964111328,143.10000610351562,135.98211669921875,332.3009338378906,435.61553955078125
2023-09-12,174.4208221435547,141.22999572753906,134.41293334960938,326.2339172363281,433.225830078125
2023-09-13,172.35308837890625,144.85000610351562,135.7735595703125,330.45233154296875,433.73101806640625
2023-09-14,173.86680603027344,144.72000122070312,137.15403747558594,333.0482177734375,437.47076416015625
2023-09-15,173.14456176757812,140.38999938964844,136.45883178710938,324.7097473144531,432.20001220703125
2023-09-18,176.072998046875,139.97999572753906,137.26329040527344,323.5691223144531,432.4534912109375
2023-09-19,177.1613006591797,137.6300048828125,137.0944366455078,323.16595458984375,431.5566711425781
2023-09-20,173.61949157714844,135.2899932861328,132.82391357421875,315.41741943359375,427.5892333984375
2023-09-21,172.07606506347656,129.3300018310547,129.5465087890625,314.1981201171875,420.5218811035156
2023-09-22,172.92691040039062,129.1199951171875,129.35780334472656,311.72021484375,419.5763244628906
2023-09-25,174.20315551757812,131.27000427246094,130.21192932128906,312.2413635253906,421.3406677246094
2023-09-26,170.1270751953125,125.9800033569336,127.68932342529297,306.93145751953125,415.1506652832031
2023-09-27,168.6133575439453,125.9800033569336,129.6457977294922,307.57061767578125,415.31634521484375
2023-09-28,168.87063598632812,125.9800033569336,131.40371704101562,308.406494140625,417.72412109375
2023-09-29,169.3850860595703,127.12000274658203,129.963623046875,310.481201171875,416.7103576660156
2023-10-02,171.8979949951172,129.4600067138672,133.25094604492188,316.4302062988281,416.5446472167969
2023-10-03,170.56239318847656,124.72000122070312,131.5228729248047,308.1606140136719,410.96875
2023-10-04,171.80897521972656,127.0,134.3136444091797,313.6376647949219,413.96142578125
2023-10-05,173.04563903808594,125.95999908447266,134.14479064941406,314.0309753417969,413.805419921875
2023-10-06,175.59815979003906,127.95999908447266,136.63758850097656,321.7991638183594,418.71844482421875
2023-10-09,177.0821533203125,128.25999450683594,137.47183227539062,324.31640625,421.3991394042969
2023-10-10,176.48854064941406,129.47999572753906,137.1143035888672,322.9103088378906,423.5924377441406
2023-10-11,177.8834991455078,131.8300018310547,139.58724975585938,326.873046875,425.32763671875
2023-10-12,178.78384399414062,132.3300018310547,138.01808166503906,325.6340637207031,422.7346496582031
2023-10-13,176.9436492919922,129.7899932861328,136.4191131591797,322.26129150390625,420.6290283203125
2023-10-16,176.81503295898438,132.5500030517578,138.14718627929688,327.0893859863281,425.0547180175781
2023-10-17,175.26174926757812,131.47000122070312,138.762939453125,326.5190734863281,425.0351867675781
2023-10-18,173.96571350097656,128.1300048828125,137.01499938964844,324.60150146484375,419.3715515136719
2023-10-19,173.58978271484375,128.39999389648438,136.80642700195312,325.7913818359375,415.6867980957031
2023-10-20,171.0372772216797,125.16999816894531,134.67115783691406,321.2189636230469,410.5788269042969
2023-10-23,171.15599060058594,126.55999755859375,135.56500244140625,323.8247375488281,409.8671569824219
2023-10-24,171.59127807617188,128.55999755859375,137.8591766357422,325.0145568847656,412.9573974609375
2023-10-25,169.27626037597656,121.38999938964844,124.74959564208984,334.9853820800781,407.030517578125
2023-10-26,165.1111297607422,119.56999969482422,121.44239807128906,322.41864013671875,402.156494140625
2023-10-27,166.4269256591797,127.73999786376953,121.33314514160156,324.30657958984375,400.3335876464844
2023-10-30,168.474853515625,132.7100067138672,123.60746765136719,331.68145751953125,405.1199035644531
2023-10-31,168.94976806640625,133.08999633789062,123.23007202148438,332.4681091308594,407.6640930175781
2023-11-01,172.11566162109375,137.0,125.5838394165039,340.2952575683594,412.01177978515625
2023-11-02,175.6772918701172,138.07000732421875,126.61671447753906,342.5077209472656,419.9076843261719
2023-11-03,174.76707458496094,138.60000610351562,128.21571350097656,346.9129943847656,423.7387390136719
2023-11-06,177.319580078125,139.74000549316406,129.35780334472656,350.58074951171875,424.7135314941406
2023-11-07,179.88197326660156,142.7100067138672,130.0728759765625,354.51397705078125,425.9222717285156
2023-11-08,180.94058227539062,142.0800018310547,130.93690490722656,357.1394348144531,426.2342224121094
2023-11-09,180.4656982421875,140.60000610351562,129.34788513183594,354.6712951660156,422.91009521484375
2023-11-10,184.65611267089844,143.55999755859375,131.68177795410156,363.50146484375,429.509521484375
2023-11-13,183.07110595703125,142.58999633789062,131.1851806640625,360.56134033203125,429.10009765625
2023-11-14,185.68637084960938,145.8000030517578,132.7047119140625,364.0914306640625,437.4250183105469
2023-11-15,186.25106811523438,143.1999969482422,133.69786071777344,364.2392578125,438.35101318359375
2023-11-16,187.93515014648438,142.8300018310547,135.99205017089844,370.6437683105469,438.88720703125
2023-11-17,187.91537475585938,145.17999267578125,134.38314819335938,364.4166259765625,439.4331359863281
2023-11-20,189.65887451171875,146.1300048828125,135.3166961669922,371.8951416015625,442.8156433105469
2023-11-21,188.85643005371094,143.89999389648438,136.0317840576172,367.5893249511719,441.8505859375
2023-11-22,189.52017211914062,146.7100067138672,137.5413818359375,372.299072265625,443.5564880371094
2023-11-24,188.19271850585938,146.74000549316406,135.7537078857422,371.8852233886719,443.8294677734375
2023-11-27,188.01437377929688,147.72999572753906,135.47560119628906,373.04791259765625,443.0301513671875
2023-11-28,188.6186981201172,147.02999877929688,136.26019287109375,377.07781982421875,443.4687805175781
2023-11-29,187.5983123779297,146.32000732421875,134.0653533935547,373.284423828125,443.1568298339844
2023-11-30,188.1728973388672,146.08999633789062,131.6221923828125,373.3434753417969,444.9017333984375
2023-12-01,189.4508514404297,147.02999877929688,130.956787109375,369.0081787109375,447.5337219238281
2023-12-04,187.6577606201172,144.83999633789062,128.384521484375,363.717041015625,445.1844482421875
2023-12-05,191.61041259765625,146.8800048828125,130.09275817871094,367.0473327636719,445.0966796875
2023-12-06,190.520751953125,144.52000427246094,129.12937927246094,363.3820495605469,443.3030700683594
2023-12-07,192.45249938964844,146.8800048828125,135.99205017089844,365.50048828125,446.6856384277344
2023-12-08,193.8790283203125,147.4199981689453,134.0653533935547,368.73223876953125,448.6059875488281
2023-12-11,191.3726806640625,145.88999938964844,132.37696838378906,365.8453063964844,450.3509216308594
2023-12-12,192.8883819580078,147.47999572753906,131.61224365234375,368.8800354003906,452.4078063964844
2023-12-13,196.10797119140625,148.83999633789062,131.6619110107422,368.8702392578125,458.6465148925781
2023-12-14,196.256591796875,147.4199981689453,131.03623962402344,360.55419921875,460.1184997558594
2023-12-15,195.7216033935547,149.97000122070312,131.69171142578125,365.2836608886719,459.36090087890625
2023-12-18,194.0573272705078,154.07000732421875,134.8697967529297,367.17547607421875,461.9448547363281
2023-12-19,195.09751892089844,153.7899932861328,135.71395874023438,367.77655029296875,464.75390625
2023-12-20,193.00726318359375,152.1199951171875,137.3923797607422,365.1752624511719,458.3136291503906
2023-12-21,192.85862731933594,153.83999633789062,139.45816040039062,368.0523681640625,462.65936279296875
2023-12-22,191.7887725830078,153.4199981689453,140.5208282470703,369.07708740234375,463.5891418457031
2023-12-26,191.24391174316406,153.41000366210938,140.55059814453125,369.15594482421875,465.54669189453125
2023-12-27,191.3429718017578,153.33999633789062,139.4084930419922,368.57464599609375,466.388427734375
2023-12-28,191.76895141601562,153.3800048828125,139.2694549560547,369.766845703125,466.5645751953125
2023-12-29,190.728759765625,151.94000244140625,138.73313903808594,370.51568603515625,465.2138366699219
2024-01-02,183.9032440185547,149.92999267578125,137.2235565185547,365.421630859375,462.61041259765625
2024-01-03,182.52622985839844,148.47000122070312,137.96841430664062,365.15557861328125,458.8324279785156
2024-01-04,180.2081298828125,144.57000732421875,135.45574951171875,362.5346374511719,457.3544921875
2024-01-05,179.48495483398438,145.24000549316406,134.8002471923828,362.3474426269531,457.98089599609375
2024-01-08,183.82395935058594,149.10000610351562,137.8889617919922,369.18548583984375,464.5189514160156
2024-01-09,183.4078826904297,151.3699951171875,139.98452758789062,370.26934814453125,463.8142395019531
2024-01-10,184.44805908203125,153.72999572753906,141.305419921875,377.14678955078125,466.4373474121094
2024-01-11,183.85369873046875,155.17999267578125,141.10678100585938,378.9794921875,466.2317810058594
2024-01-12,184.18060302734375,154.6199951171875,141.6728515625,382.7630310058594,466.5547790527344
2024-01-16,181.9120330810547,153.16000366210938,141.5139617919922,384.5365905761719,464.84197998046875
2024-01-17,180.9709014892578,151.7100067138672,140.50096130371094,383.74835205078125,462.2580261230469
2024-01-18,186.86524963378906,153.5,142.4971923828125,388.0837097167969,466.36883544921875
2024-01-19,189.76783752441406,155.33999633789062,145.3773193359375,392.8132019042969,472.1826477050781
2024-01-22,192.0760498046875,154.77999877929688,144.989990234375,390.68499755859375,473.1809997558594
2024-01-23,193.3539581298828,156.02000427246094,146.0327911376953,393.0398254394531,474.56103515625
2024-01-24,192.68032836914062,156.8699951171875,147.68142700195312,396.64605712890625,475.079833984375
2024-01-25,192.3534393310547,157.75,150.82968139648438,398.922119140625,477.6637268066406
2024-01-26,190.6197967529297,159.1199951171875,151.14752197265625,397.99591064453125,477.056884765625
2024-01-29,189.9362335205078,161.25999450683594,152.45846557617188,403.700927734375,480.83489990234375
2024-01-30,186.28076171875,159.0,150.4225311279297,402.58746337890625,480.46295166015625
2024-01-31,182.6748046875,155.1999969482422,139.1403350830078,391.7392272949219,472.62310791015625
2024-02-01,185.11181640625,159.27999877929688,140.1930694580078,397.84814453125,478.8088684082031
2024-02-02,184.11126708984375,171.80999755859375,141.40472412109375,405.1788635253906,483.8494873046875
2024-02-05,185.9241180419922,170.30999755859375,142.69581604003906,399.6906433105469,482.087646484375
2024-02-06,187.52896118164062,169.14999389648438,143.11294555664062,399.5329895019531,483.4873352050781
2024-02-07,187.6379852294922,170.52999877929688,144.54307556152344,407.96728515625,487.51983642578125
2024-02-08,186.5581817626953,169.83999633789062,144.91053771972656,408.0263366699219,487.735107421875
2024-02-09,187.32192993164062,174.4499969482422,147.9793701171875,414.37176513671875,490.5539855957031
2024-02-12,185.63568115234375,172.33999633789062,146.51942443847656,409.15948486328125,490.3386535644531
2024-02-13,183.54275512695312,168.63999938964844,144.1458282470703,400.35076904296875,483.585205078125
2024-02-14,182.65994262695312,170.97999572753906,144.94032287597656,404.2203674316406,487.9798278808594
2024-02-15,182.37229919433594,169.8000030517578,141.7920379638672,401.32806396484375,491.3467712402344
2024-02-16,180.8348388671875,169.50999450683594,139.55746459960938,398.8602600097656,488.89990234375
2024-02-20,180.0908966064453,167.0800018310547,140.15333557128906,397.6065979003906,486.20831298828125
2024-02-21,180.8447723388672,168.58999633789062,141.57354736328125,397.0044250488281,486.64874267578125
2024-02-22,182.878173828125,174.5800018310547,143.10299682617188,406.35260009765625,496.72015380859375
2024-02-23,181.04315185546875,174.99000549316406,142.97390747070312,405.0594177246094,497.06268310546875
2024-02-26,179.6941375732422,174.72999572753906,136.627685546875,402.2955017089844,495.2421875
2024-02-27,181.15225219726562,173.5399932861328,137.92869567871094,402.2362365722656,496.1622314453125
2024-02-28,179.95201110839844,173.16000366210938,135.44583129882812,402.47314453125,495.5065002441406
2024-02-29,179.28746032714844,176.75999450683594,137.51156616210938,408.3169860839844,497.2878112792969
2024-03-01,178.20628356933594,178.22000122070312,136.2006072998047,410.1530456542969,501.95648193359375
2024-03-04,173.6831817626953,177.5800018310547,132.43658447265625,409.5805358886719,501.4182434082031
2024-03-05,168.74346923828125,174.1199951171875,131.76123046875,397.4684143066406,496.40692138671875
2024-03-06,167.75157165527344,173.50999450683594,130.49990844726562,396.91558837890625,498.92236328125
2024-03-07,167.63255310058594,176.82000732421875,133.4595184326172,403.8749084472656,503.8748779296875
2024-03-08,169.34854125976562,175.35000610351562,134.48245239257812,400.9924621582031,500.8504943847656
2024-03-11,171.35220336914062,171.9600067138672,136.7269744873047,399.3143005371094,500.41986083984375
2024-03-12,171.8282928466797,175.38999938964844,137.55128479003906,409.93585205078125,505.8030090332031
2024-03-13,169.7453155517578,176.55999755859375,138.83245849609375,409.7581787109375,505.0102233886719
2024-03-14,171.60018920898438,178.75,142.11978149414062,419.7479248046875,504.0118713378906
2024-03-15,171.22323608398438,174.4199981689453,140.2129364013672,411.06121826171875,500.5510559082031
2024-03-18,172.3143310546875,174.47999572753906,146.66839599609375,411.9496154785156,503.5259094238281
2024-03-19,174.65524291992188,175.89999389648438,146.0228729248047,415.9869689941406,506.3240661621094
2024-03-20,177.22427368164062,178.14999389648438,147.72116088867188,419.7578125,511.0071716308594
2024-03-21,169.98336791992188,178.14999389648438,146.58895874023438,423.8445739746094,512.6958618164062
2024-03-22,170.88600158691406,178.8699951171875,149.73727416992188,423.2226867675781,511.72393798828125
2024-03-25,169.46755981445312,179.7100067138672,149.0420379638672,417.4183044433594,510.3101806640625
2024-03-26,168.3367919921875,178.3000030517578,149.63790893554688,416.223876953125,509.36761474609375
2024-03-27,171.9076690673828,179.8300018310547,149.8365478515625,416.0067138671875,513.6482543945312
2024-03-28,170.0924530029297,180.3800048828125,149.8961639404297,415.3058776855469,513.550048828125
2024-04-01,168.6542205810547,180.97000122070312,154.4249267578125,419.1063537597656,512.6566162109375
2024-04-02,167.47384643554688,180.69000244140625,153.5012664794922,416.0166015625,509.3970947265625
2024-04-03,168.27728271484375,182.41000366210938,153.85879516601562,415.039306640625,509.9566955566406
2024-04-04,167.45399475097656,180.0,149.4989013671875,412.50244140625,503.73211669921875
2024-04-05,168.20785522460938,185.07000732421875,151.4553985595703,420.0440673828125,508.9945983886719
2024-04-08,167.08697509765625,185.19000244140625,153.78932189941406,419.12603759765625,509.27923583984375
2024-04-09,168.297119140625,185.6699981689453,155.52731323242188,420.7943420410156,509.8683776855469
2024-04-10,166.4224090576172,185.9499969482422,155.07046508789062,417.81317138671875,504.7629699707031
2024-04-11,173.6236572265625,189.0500030517578,158.3180694580078,422.4230651855469,508.5723571777344
2024-04-12,175.12144470214844,186.1300048828125,156.64956665039062,416.4706726074219,501.5524597167969
2024-04-15,171.29269409179688,183.6199951171875,153.7992401123047,408.3169860839844,495.2690124511719
2024-04-16,168.0094757080078,183.32000732421875,153.3423614501953,409.244873046875,494.3657531738281
2024-04-17,166.640625,181.27999877929688,154.40504455566406,406.5401611328125,491.43994140625
2024-04-18,165.68838500976562,179.22000122070312,154.9413604736328,399.06756591796875,490.4286804199219
2024-04-19,163.6649169921875,174.6300048828125,153.0345001220703,393.98382568359375,486.1480712890625
2024-04-22,164.4980926513672,177.22999572753906,155.20950317382812,395.8001403808594,490.6251220703125
2024-04-23,165.5495147705078,179.5399932861328,157.1759490966797,402.3250732421875,496.4471435546875
2024-04-24,167.6523895263672,176.58999633789062,158.03997802734375,403.7959289550781,496.21148681640625
2024-04-25,168.5153350830078,173.6699981689453,154.93141174316406,393.9049072265625,494.3264465332031
2024-04-26,167.93011474609375,179.6199951171875,170.77215576171875,401.0911865234375,499.0096435546875
2024-04-29,172.09613037109375,180.9600067138672,165.0118865966797,397.07354736328125,500.7768859863281
2024-04-30,168.95175170898438,175.0,161.66497802734375,384.3197937011719,492.843994140625
2024-05-01,167.93011474609375,179.0,162.73757934570312,389.8575744628906,491.24359130859375
2024-05-02,171.6299285888672,184.72000122070312,165.47866821289062,392.7203063964844,495.8384094238281
2024-05-03,181.89617919921875,186.2100067138672,166.09442138671875,401.4267578125,501.9844970703125
2024-05-06,180.2397003173828,188.6999969482422,166.9485626220703,408.21826171875,507.1683654785156
2024-05-07,180.92410278320312,188.75999450683594,170.0769500732422,404.07232666015625,507.7280578613281
2024-05-08,181.26136779785156,188.0,168.21978759765625,405.2568664550781,507.7770690917969
2024-05-09,183.07655334472656,189.5,168.79580688476562,407.01397705078125,510.70281982421875
2024-05-10,181.81512451171875,187.47999572753906,167.49476623535156,409.4028015136719,511.3607177734375
2024-05-13,185.02333068847656,186.57000732421875,167.98143005371094,408.39593505859375,511.4294128417969
2024-05-14,186.1655731201172,187.07000732421875,169.17318725585938,411.19940185546875,513.77587890625
2024-05-15,188.44012451171875,185.99000549316406,171.32830810546875,418.38873291015625,520.1380004882812
2024-05-16,188.55929565429688,183.6300048828125,172.98690795898438,416.3219299316406,519.0678100585938
2024-05-17,188.589111328125,184.6999969482422,174.85400390625,415.5506286621094,519.81396484375
2024-05-20,189.75119018554688,183.5399932861328,175.70811462402344,420.6237487792969,520.412841796875
2024-05-21,191.05238342285156,183.14999389648438,176.6317596435547,424.28271484375,521.689208984375
2024-05-22,189.61215209960938,183.1300048828125,175.1718292236328,425.74627685546875,520.1871337890625
2024-05-23,185.61929321289062,181.0500030517578,172.36119079589844,422.2653503417969,516.3875122070312
2024-05-24,188.69834899902344,180.75,173.79136657714844,425.3902893066406,519.80419921875
2024-05-28,188.70831298828125,182.14999389648438,175.19168090820312,425.54852294921875,520.16748046875
2024-05-29,189.00628662109375,182.02000427246094,174.6951141357422,424.41131591796875,516.52490234375
2024-05-30,189.99951171875,179.32000732421875,170.9310760498047,410.0720520019531,513.0984497070312
2024-05-31,190.9530792236328,176.44000244140625,171.3184051513672,410.5269775390625,517.7717895507812
2024-06-03,192.72105407714844,178.33999633789062,171.9838104248047,408.934814453125,518.1939697265625
2024-06-04,193.03887939453125,179.33999633789062,172.5995635986328,411.4565124511719,518.7732543945312
2024-06-05,194.5486297607422,181.27999877929688,174.20846557617188,419.3085021972656,524.9390258789062
2024-06-06,193.1680145263672,185.0,175.51942443847656,419.8128356933594,524.9291381835938
2024-06-07,195.56178283691406,184.3000030517578,173.2649688720703,419.1502685546875,524.2909545898438
2024-06-10,191.81716918945312,187.05999755859375,174.0106658935547,423.12567138671875,525.9109497070312
2024-06-11,205.7525177001953,187.22999572753906,175.6114959716797,427.88238525390625,527.1774291992188
2024-06-12,211.6326141357422,186.88999938964844,176.77479553222656,436.1694030761719,531.5072021484375
2024-06-13,212.79470825195312,183.8300018310547,174.15982055664062,436.6836242675781,532.5773315429688
2024-06-14,211.05653381347656,183.66000366210938,175.780517578125,437.6626892089844,532.9013671875
2024-06-17,215.2083282470703,184.05999755859375,176.2279510498047,443.39837646484375,537.1427612304688
2024-06-18,212.8443603515625,182.80999755859375,174.0902099609375,441.3908996582031,538.5074462890625
2024-06-20,208.26547241210938,186.10000610351562,175.29331970214844,440.75799560546875,537.0446166992188
2024-06-21,206.0902557373047,189.0800018310547,178.6042938232422,444.792724609375,536.3245849609375
2024-06-24,206.73587036132812,185.57000732421875,178.19664001464844,442.7061767578125,534.5811157226562
2024-06-25,207.65960693359375,186.33999633789062,182.97918701171875,445.94976806640625,536.6397094726562
2024-06-26,211.81138610839844,193.61000061035156,182.83006286621094,447.1463623046875,537.3096313476562
2024-06-27,212.65565490722656,197.85000610351562,184.351318359375,447.8287048339844,538.1566162109375
2024-06-28,209.19912719726562,193.25,181.10992431640625,441.994140625,536.0389404296875
2024-07-01,215.28778076171875,197.1999969482422,181.9451446533203,451.6656799316406,537.14208984375
2024-07-02,218.78404235839844,200.0,184.18228149414062,454.1873779296875,540.7569580078125
2024-07-03,220.05538940429688,197.58999633789062,184.75897216796875,455.660888671875,543.1701049804688
2024-07-05,224.81307983398438,200.0,189.5116729736328,462.3756103515625,546.3023071289062
2024-07-08,226.28311157226562,199.2899932861328,187.9506378173828,461.0702209472656,546.9327392578125
2024-07-09,227.1372833251953,199.33999633789062,187.9009246826172,454.44451904296875,547.4645385742188
2024-07-10,231.4082794189453,199.7899932861328,190.08834838867188,461.080078125,552.8818359375
2024-07-11,226.0347900390625,195.0500030517578,184.51040649414062,449.6582336425781,548.1145629882812
2024-07-12,228.98472595214844,194.49000549316406,184.01324462890625,448.5209045410156,551.5718994140625
2024-07-15,232.81869506835938,192.72000122070312,185.4649200439453,448.9263916015625,553.0886840820312
2024-07-16,233.23587036132812,193.02000427246094,182.8697967529297,444.53558349609375,556.36865234375
2024-07-17,227.33595275878906,187.92999267578125,179.9863739013672,438.6021423339844,548.5676879882812
2024-07-18,222.66766357421875,183.75,176.67539978027344,435.487060546875,544.35205078125
2024-07-19,222.79676818847656,183.1300048828125,176.6455535888672,432.26324462890625,540.7372436523438
2024-07-22,222.4491424560547,182.5500030517578,180.63265991210938,438.028564453125,546.3121337890625
2024-07-23,223.49205017089844,186.41000366210938,180.75196838378906,439.91741943359375,545.4552001953125
2024-07-24,217.06570434570312,180.8300018310547,171.64427185058594,424.14422607421875,533.0938720703125
2024-07-25,216.0227813720703,179.85000610351562,166.3248291015625,413.7607116699219,530.3162231445312
2024-07-26,216.4896240234375,182.5,166.04641723632812,420.55450439453125,536.255615234375
2024-07-29,216.76773071289062,183.1999969482422,168.56198120117188,421.9983215332031,536.5708618164062
2024-07-30,217.32395935058594,181.7100067138672,169.31764221191406,418.2305908203125,533.8523559570312
2024-07-31,220.5818328857422,186.97999572753906,170.56048583984375,413.71124267578125,542.5298461914062
2024-08-01,216.8869171142578,184.07000732421875,169.7849578857422,412.4849853515625,534.8471069335938
2024-08-02,218.37680053710938,167.89999389648438,165.7083740234375,403.9605712890625,524.88916015625
2024-08-05,207.85824584960938,161.02000427246094,158.34068298339844,390.7684631347656,509.6024169921875
2024-08-06,205.83200073242188,161.92999267578125,157.3861541748047,395.1790466308594,514.3007202148438
2024-08-07,208.40452575683594,162.77000427246094,158.03245544433594,394.0121154785156,510.8631896972656
2024-08-08,211.87098693847656,165.8000030517578,161.10479736328125,398.2248840332031,522.6729125976562
2024-08-09,214.78121948242188,166.94000244140625,162.7354278564453,401.5179748535156,524.9777221679688
2024-08-12,216.31260681152344,166.8000030517578,161.36331176757812,402.2991943359375,525.2535400390625
2024-08-13,220.03167724609375,170.22999572753906,163.22262573242188,409.4194030761719,533.8916625976562
2024-08-14,220.47915649414062,170.10000610351562,159.4542694091797,412.2377624511719,535.575927734375
2024-08-15,223.4623565673828,177.58999633789062,160.3789825439453,417.1119689941406,544.755859375
2024-08-16,224.78492736816406,177.05999755859375,162.02951049804688,414.5758056640625,545.977294921875
2024-08-19,224.6258087158203,178.22000122070312,165.7183074951172,417.6073303222656,551.197509765625
2024-08-20,225.2423553466797,178.8800048828125,166.22540283203125,420.846923828125,550.30126953125
2024-08-21,225.13294982910156,180.11000061035156,164.90298461914062,420.19305419921875,552.1923828125
2024-08-22,223.2734375,176.1300048828125,162.8647003173828,411.6829528808594,547.8585205078125
2024-08-23,225.5705108642578,177.0399932861328,164.67430114746094,412.9114074707031,553.6797485351562
2024-08-26,225.90858459472656,175.5,165.21121215820312,409.6421203613281,552.3598022460938
2024-08-27,226.75384521484375,173.1199951171875,163.7396697998047,409.9888610839844,553.1183471679688
2024-08-28,225.22247314453125,170.8000030517578,161.92013549804688,406.7790222167969,549.9072875976562
2024-08-29,228.50399780273438,172.1199951171875,160.85623168945312,409.27557373046875,549.9564819335938
2024-08-30,227.7184295654297,178.5,162.44711303710938,413.25823974609375,555.2064208984375
2024-09-03,221.52328491210938,176.25,156.4614715576172,405.62982177734375,543.78076171875
2024-09-04,219.61404418945312,173.3300018310547,155.55667114257812,405.0948791503906,542.6678466796875
2024-09-05,221.13546752929688,177.88999938964844,156.34214782714844,404.589599609375,541.347900390625
2024-09-06,219.58421325683594,171.38999938964844,150.05825805664062,397.9618835449219,532.2369384765625
2024-09-09,219.67369079589844,175.39999389648438,148.05706787109375,401.9444580078125,538.1959838867188
2024-09-10,218.87818908691406,179.5500030517578,148.0072784423828,410.3455810546875,540.540283203125
2024-09-11,221.41390991210938,184.52000427246094,150.49632263183594,419.1033020019531,546.0855102539062
2024-09-12,221.52328491210938,187.0,154.0108184814453,423.02642822265625,550.6854248046875
2024-09-13,221.25477600097656,186.49000549316406,156.76864624023438,426.5830078125,553.5614624023438
2024-09-16,215.10939025878906,184.88999938964844,157.3660125732422,427.3260192871094,554.3790893554688
2024-09-17,215.5767364501953,186.8800048828125,158.6204833984375,431.1005554199219,554.6055297851562
2024-09-18,219.45492553710938,186.42999267578125,159.1083221435547,426.80096435546875,552.9607543945312
2024-09-19,227.58914184570312,189.8699951171875,161.42811584472656,434.6076354980469,562.3966064453125
2024-09-20,226.92288208007812,191.60000610351562,162.87173461914062,431.21942138671875,561.4243774414062
2024-09-23,225.2025604248047,193.8800048828125,161.13938903808594,429.475830078125,562.827392578125
2024-09-24,226.09751892089844,193.9600067138672,161.5774383544922,425.17626953125,564.4378662109375
2024-09-25,225.1031494140625,192.52999877929688,160.7809600830078,428.0888366699219,563.19287109375
2024-09-26,226.2467041015625,191.16000366210938,162.0155029296875,427.2962951660156,565.42578125
2024-09-27,226.51516723632812,187.97000122070312,163.23016357421875,424.0368957519531,564.6057739257812
2024-09-30,231.69602966308594,186.3300018310547,165.12181091308594,426.29571533203125,566.8682861328125
2024-10-01,224.94403076171875,185.1300048828125,166.25680541992188,416.7751770019531,561.7900390625
2024-10-02,225.51084899902344,184.75999450683594,165.13177490234375,413.2482604980469,562.0271606445312
2024-10-03,224.40704345703125,181.9600067138672,165.13177490234375,412.66375732421875,560.9996337890625
2024-10-04,225.53073120117188,186.50999450683594,166.32650756835938,412.1882629394531,566.09765625
2024-10-07,220.44932556152344,180.8000030517578,162.264404296875,405.7289123535156,560.9798583984375
2024-10-08,224.50650024414062,182.72000122070312,163.6582794189453,410.85076904296875,566.2853393554688
2024-10-09,228.25538635253906,185.1699981689453,161.1493377685547,413.5751953125,570.2076416015625
2024-10-10,227.75819396972656,186.64999389648438,161.3683624267578,411.9702453613281,569.2098999023438
2024-10-11,226.2765350341797,188.82000732421875,162.5232696533203,412.4458312988281,572.618408203125
2024-10-14,230.00555419921875,187.5399932861328,164.23573303222656,415.23956298828125,577.3014526367188
2024-10-15,232.54129028320312,187.69000244140625,164.7335205078125,414.8432312011719,572.8159790039062
2024-10-16,230.48284912109375,186.88999938964844,164.43484497070312,412.2476501464844,575.3056640625
2024-10-17,230.8507843017578,187.52999877929688,162.21461486816406,412.84210205078125,575.3551025390625
2024-10-18,233.68484497070312,188.99000549316406,162.70248413085938,414.2687072753906,577.5681762695312
2024-10-21,235.15655517578125,189.07000732421875,163.34963989257812,414.8829345703125,576.6197509765625
2024-10-22,234.54000854492188,189.6999969482422,164.41493225097656,423.5317077636719,576.3135375976562
2024-10-23,229.4685516357422,184.7100067138672,162.06529235839844,420.6487731933594,571.0474243164062
2024-10-24,229.27963256835938,186.3800048828125,162.00555419921875,420.7775573730469,572.282470703125
2024-10-25,230.1149444580078,187.8300018310547,164.5443572998047,424.1656799316406,572.0848999023438
2024-10-28,232.09378051757812,188.38999938964844,165.98797607421875,422.62017822265625,573.8534545898438
2024-10-29,232.36227416992188,190.8300018310547,168.9349822998047,427.9303894042969,574.7820434570312
2024-10-30,228.81227111816406,192.72999572753906,173.69400024414062,428.5049743652344,573.0432739257812
2024-10-31,224.64572143554688,186.39999389648438,170.35870361328125,402.568603515625,561.809814453125
2024-11-01,221.66250610351562,197.92999267578125,170.53793334960938,406.5511779785156,564.1809692382812
2024-11-04,220.7675323486328,195.77999877929688,168.49693298339844,404.658935546875,562.9656982421875
2024-11-05,222.199462890625,199.5,168.99473571777344,407.6310119628906,569.7730102539062
2024-11-06,221.47357177734375,207.08999633789062,175.73500061035156,416.2698669433594,583.9407348632812
2024-11-07,226.20692443847656,210.0500030517578,179.95640563964844,421.4710388183594,588.455810546875
2024-11-08,225.93814086914062,208.17999267578125,177.56692504882812,418.6079406738281,591.0047607421875
2024-11-11,223.2204132080078,206.83999633789062,179.5581512451172,414.1201171875,591.5679931640625
2024-11-12,223.2204132080078,208.91000366210938,180.8225555419922,419.0933837890625,589.7304077148438
2024-11-13,224.10641479492188,214.10000610351562,178.0946044921875,421.2431640625,590.0169067382812
2024-11-14,227.19244384765625,211.47999572753906,174.80909729003906,422.91748046875,586.2230224609375
2024-11-15,223.98695373535156,202.61000061035156,171.732666015625,411.1380920410156,578.7142944335938
2024-11-18,226.9933624267578,201.6999969482422,174.5303192138672,411.8910217285156,581.08544921875
2024-11-19,227.25218200683594,204.61000061035156,177.3379364013672,413.90216064453125,583.2095947265625
2024-11-20,227.96896362304688,202.8800048828125,175.2073211669922,411.6235046386719,583.4072265625
2024-11-21,227.49111938476562,198.3800048828125,166.8939971923828,409.8466491699219,586.5391235351562
2024-11-22,228.83502197265625,197.1199951171875,164.03659057617188,413.9463806152344,588.3571166992188
2024-11-25,231.821533203125,201.4499969482422,166.91390991210938,415.7232971191406,590.352783203125
2024-11-26,234.0016632080078,207.86000061035156,168.37744140625,424.8559265136719,593.4353637695312
2024-11-27,233.8722381591797,205.74000549316406,168.48696899414062,419.89251708984375,591.6371459960938
2024-11-29,236.26144409179688,207.88999938964844,168.2082061767578,420.35906982421875,595.3125
2024-12-02,238.5112762451172,210.7100067138672,170.737060546875,427.82403564453125,596.3795776367188
2024-12-03,241.55747985839844,213.44000244140625,170.58770751953125,428.04241943359375,596.6561279296875
2024-12-04,241.91586303710938,218.16000366210938,173.60440063476562,434.2168884277344,600.3610229492188
2024-12-05,241.94573974609375,220.5500030517578,171.8820037841797,439.3787841796875,599.3731079101562
2024-12-06,241.74664306640625,227.02999877929688,173.9429168701172,440.3218688964844,600.5093383789062
2024-12-09,245.63902282714844,226.08999633789062,174.8001251220703,442.75384521484375,597.4168701171875
2024-12-10,246.65443420410156,225.0399932861328,184.56826782226562,440.0835876464844,595.5593872070312
2024-12-11,245.38021850585938,230.25999450683594,194.76502990722656,445.7021484375,600.1635131835938
2024-12-12,246.84359741210938,228.97000122070312,191.33621215820312,446.2679748535156,597.0711059570312
2024-12-13,247.0128173828125,227.4600067138672,189.2031707763672,443.9947509765625,596.9525756835938
2024-12-16,249.90972900390625,232.92999267578125,196.02093505859375,448.28314208984375,599.5015258789062
2024-12-17,252.33872985839844,231.14999389648438,194.7849578857422,451.132080078125,597.0315551757812
2024-12-18,246.93319702148438,220.52000427246094,187.7877655029297,434.1871032714844,579.2379150390625
2024-12-19,248.66534423828125,223.2899932861328,187.8974151611328,433.8297424316406,579.06005859375
2024-12-20,253.3441925048828,224.9199981689453,190.78799438476562,433.40289306640625,586.01513671875
2024-12-23,254.12066650390625,225.05999755859375,193.99754333496094,432.0627746582031,589.5243530273438
2024-12-24,257.0374755859375,229.0500030517578,195.47271728515625,436.11285400390625,596.076904296875
2024-12-26,257.853759765625,227.0500030517578,194.96438598632812,434.9018249511719,596.11669921875
2024-12-27,254.43922424316406,223.75,192.1335906982422,427.3773193359375,589.8416137695312
2024-12-30,251.06448364257812,221.3000030517578,190.61856079101562,421.7190856933594,583.110595703125
2024-12-31,249.29251098632812,219.38999938964844,188.68484497070312,418.4134521484375,580.9891967773438
2025-01-02,242.75209045410156,220.22000122070312,188.81443786621094,415.51483154296875,579.5616455078125
2025-01-03,242.2642822265625,224.19000244140625,191.166748046875,420.24993896484375,586.8081665039062
2025-01-06,243.89691162109375,227.61000061035156,196.23023986816406,424.71697998046875,590.1885375976562
2025-01-07,241.11947631835938,222.11000061035156,194.85475158691406,419.277099609375,583.5169677734375
2025-01-08,241.60726928710938,222.1300048828125,193.31973266601562,421.4510192871094,584.3694458007812
2025-01-10,235.78359985351562,218.94000244140625,191.4159393310547,415.88214111328125,575.4476928710938
2025-01-13,233.34461975097656,218.4600067138672,190.38929748535156,414.1350402832031,576.3399047851562
2025-01-14,232.22967529296875,217.75999450683594,189.04368591308594,412.62615966796875,577.1329345703125
2025-01-15,236.79901123046875,223.35000610351562,194.91455078125,423.1882019042969,587.6309814453125
2025-01-16,227.23228454589844,220.66000366210938,192.2831268310547,421.47088623046875,586.5008544921875
2025-01-17,228.94451904296875,225.94000244140625,195.3630828857422,425.8883361816406,592.3892822265625
2025-01-21,221.63758850097656,230.7100067138672,197.4064178466797,425.3621826171875,597.8117065429688
2025-01-22,222.82223510742188,235.00999450683594,197.72537231445312,442.9325866699219,601.1723022460938
2025-01-23,222.6529998779297,235.4199981689453,197.33665466308594,443.4388122558594,604.45361328125
2025-01-24,221.77696228027344,234.85000610351562,199.5594024658203,440.8082580566406,602.6890258789062
2025-01-27,228.82508850097656,235.4199981689453,191.1866912841797,431.3778381347656,594.1637573242188
2025-01-28,237.18724060058594,238.14999389648438,194.6653594970703,443.9252624511719,599.26904296875
2025-01-29,238.2823028564453,237.07000732421875,194.77499389648438,439.0909118652344,596.58251953125
2025-01-30,236.520263671875,234.63999938964844,200.21725463867188,411.95111083984375,599.7844848632812
2025-01-31,234.9374237060547,237.67999267578125,203.35702514648438,412.0205993652344,596.5924682617188
2025-02-03,226.9833984375,237.4199981689453,200.57608032226562,407.9109191894531,592.57763671875
2025-02-04,231.75184631347656,242.05999755859375,205.7093505859375,409.3503112792969,596.5528564453125
2025-02-05,231.42332458496094,236.1699981689453,190.708251953125,410.26361083984375,598.9715576171875
2025-02-06,232.1699676513672,238.8300018310547,190.9773712158203,412.7750244140625,601.0533447265625
2025-02-07,226.60513305664062,229.14999389648438,184.7377166748047,406.7494812011719,595.551513671875
2025-02-10,226.8741912841797,233.13999938964844,185.86404418945312,409.201416015625,599.5961303710938
2025-02-11,231.82725524902344,232.75999450683594,184.71778869628906,408.4270935058594,600.0521850585938
2025-02-12,236.06277465820312,228.92999267578125,183.01333618164062,406.0447082519531,598.1190795898438
2025-02-13,240.70689392089844,230.3699951171875,185.5351104736328,407.53369140625,604.4337768554688
2025-02-14,243.76644897460938,228.67999267578125,184.62806701660156,405.43914794921875,604.4039916992188
2025-02-18,243.6368865966797,226.64999389648438,183.17282104492188,406.64031982421875,606.178466796875
2025-02-19,244.03550720214844,226.6300048828125,184.66795349121094,411.7326965332031,607.60595703125
2025-02-20,244.9922332763672,222.8800048828125,183.9602508544922,413.9110412597656,605.0780639648438
2025-02-21,244.71319580078125,216.5800018310547,179.076171875,406.0332946777344,594.728759765625
2025-02-24,246.25791931152344,212.7100067138672,178.66751098632812,401.8457336425781,592.0225219726562
2025-02-25,246.1981201171875,212.8000030517578,174.84996032714844,395.77825927734375,589.0782470703125
2025-02-26,239.5408935546875,214.35000610351562,172.16867065429688,397.5985412597656,589.3756713867188
2025-02-27,236.49131774902344,208.74000549316406,167.9524383544922,390.4368896484375,579.968017578125
2025-02-28,241.01583862304688,212.27999877929688,169.72665405273438,394.87310791015625,589.018798828125
2025-03-03,237.2188262939453,205.02000427246094,166.46726989746094,386.4184265136719,578.69921875
2025-03-04,235.1259765625,203.8000030517578,170.3645782470703,386.53778076171875,571.8492431640625
2025-03-05,234.93663024902344,208.36000061035156,172.45777893066406,398.881591796875,577.9954223632812
2025-03-06,234.5280303955078,200.6999969482422,171.78994750976562,394.773681640625,567.7352905273438
2025-03-07,238.2552947998047,199.25,173.29501342773438,391.2127380371094,570.9173583984375
2025-03-10,226.70477294921875,194.5399932861328,165.52139282226562,378.13287353515625,555.710693359375
2025-03-11,220.08740234375,196.58999633789062,163.6952362060547,378.42132568359375,551.0911254882812
2025-03-12,216.24057006835938,198.88999938964844,166.75880432128906,381.2262878417969,554.0155029296875
2025-03-13,208.96543884277344,193.88999938964844,162.4179229736328,376.7502746582031,546.6302490234375
2025-03-14,212.762451171875,197.9499969482422,165.14219665527344,386.4880676269531,557.9212646484375
2025-03-17,213.27073669433594,195.74000549316406,163.94471740722656,386.6273498535156,562.2235717773438
2025-03-18,211.96519470214844,192.82000732421875,160.33233642578125,381.4749450683594,556.1468505859375
2025-03-19,214.50650024414062,195.5399932861328,163.54556274414062,385.75201416015625,562.2037353515625
2025-03-20,213.37037658691406,194.9499969482422,162.45785522460938,384.7772521972656,560.5780029296875
2025-03-21,217.5261688232422,196.2100067138672,163.64535522460938,389.17364501953125,560.762939453125
2025-03-24,219.97779846191406,203.25999450683594,167.3275909423828,390.98394775390625,570.8053588867188
2025-03-25,222.9875030517578,205.7100067138672,170.20155334472656,393.0528869628906,572.177490234375
2025-03-26,220.77505493164062,201.1300048828125,164.71310424804688,387.89056396484375,565.3466796875
2025-03-27,223.087158203125,201.36000061035156,161.89903259277344,388.4972839355469,563.8452758789062
2025-03-28,217.15740966796875,192.72000122070312,154.00564575195312,376.78009033203125,552.4904174804688
2025-03-31,221.37301635742188,190.25999450683594,154.31500244140625,373.3883056640625,556.1991577148438
2025-04-01,222.4293975830078,192.1699981689453,156.7399139404297,380.15203857421875,557.7700805664062
2025-04-02,223.12701416015625,196.00999450683594,156.70994567871094,380.1023254394531,561.2998657226562
2025-04-03,202.49755859375,178.41000366210938,150.40322875976562,371.12042236328125,533.6386108398438
2025-04-04,187.738037109375,171.0,145.29400634765625,357.92120361328125,502.3977966308594
2025-04-07,180.84161376953125,175.25999450683594,146.44158935546875,355.9517822265625,501.5029296875
2025-04-08,171.83242797851562,170.66000366210938,144.39588928222656,352.6693420410156,493.64801025390625
2025-04-09,198.17234802246094,191.10000610351562,158.37646484375,388.40777587890625,545.4906005859375
2025-04-10,189.77105712890625,181.22000122070312,152.4988250732422,379.3164978027344,521.5877685546875
2025-04-11,197.4747314453125,184.8699951171875,156.8097381591797,386.378662109375,530.8943481445312
2025-04-14,201.829833984375,182.1199951171875,158.73568725585938,385.7420654296875,536.0447387695312
2025-04-15,201.45114135742188,179.58999633789062,155.9814910888672,383.67315673828125,534.5433349609375
2025-04-16,193.6079559326172,174.3300018310547,153.0077667236328,369.62841796875,522.6615600585938
2025-04-17,196.3087158203125,172.61000061035156,150.84231567382812,365.81884765625,523.4072265625
2025-04-21,192.50172424316406,167.32000732421875,147.35964965820312,357.205078125,510.94873046875
2025-04-22,199.059326171875,173.17999267578125,151.15167236328125,364.864013671875,524.2424926757812
2025-04-23,203.9027557373047,180.60000610351562,155.0235137939453,372.3936462402344,532.3658447265625
2025-04-24,207.65989685058594,186.5399932861328,158.94525146484375,385.2347412109375,543.5715942382812
2025-04-25,208.56678771972656,188.99000549316406,161.61961364746094,389.7605285644531,547.4990234375
2025-04-28,209.42388916015625,187.6999969482422,160.27244567871094,389.0741882324219,547.7078247070312
2025-04-29,210.490234375,187.38999938964844,159.8234100341797,391.9388427734375,551.1580200195312
2025-04-30,211.7758331298828,184.4199981689453,158.4662628173828,393.15234375,551.3768310546875
2025-05-01,212.59304809570312,190.1999969482422,160.9610137939453,423.1316223144531,555.2843627929688
2025-05-02,204.65020751953125,189.97999572753906,163.68527221679688,432.95892333984375,563.527099609375
2025-05-05,198.21221923828125,186.35000610351562,163.86488342285156,433.8442077636719,560.295654296875
2025-05-06,197.83351135253906,185.00999450683594,162.88694763183594,430.99945068359375,555.6124877929688
2025-05-07,195.58120727539062,188.7100067138672,151.06185913085938,431.03924560546875,557.9490966796875
2025-05-08,196.81698608398438,192.0800018310547,153.95574951171875,435.8335876464844,561.8367919921875
2025-05-09,197.8534393310547,193.05999755859375,152.42898559570312,436.3905334472656,561.1209716796875
2025-05-12,210.3471221923828,208.63999938964844,158.12698364257812,446.8644104003906,579.66455078125
2025-05-13,212.48263549804688,211.3699951171875,159.19473266601562,446.74505615234375,583.4925537109375
2025-05-14,211.8839111328125,210.25,165.02244567871094,450.5247802734375,584.23828125
2025-05-15,211.00575256347656,205.1699981689453,163.61541748046875,451.54119873046875,587.0919189453125
2025-05-16,210.81614685058594,205.58999633789062,165.84072875976562,452.6772155761719,590.8106079101562
2025-05-19,208.3413543701172,206.16000366210938,166.1899871826172,457.26104736328125,591.4568481445312
2025-05-20,206.42539978027344,204.07000732421875,163.63536071777344,456.56353759765625,589.46826171875
2025-05-21,201.66542053222656,201.1199951171875,168.20574951171875,450.983154296875,579.5352783203125
2025-05-22,200.93695068359375,203.10000610351562,170.51087951660156,453.26513671875,579.7639770507812
2025-05-23,194.8597412109375,200.99000549316406,168.11593627929688,448.6015625,575.806640625
2025-05-27,199.78936767578125,206.02000427246094,172.53662109375,459.0746765136719,587.7780151367188
2025-05-28,199.99893188476562,204.72000122070312,171.9977569580078,455.7563781738281,584.37744140625
2025-05-29,199.5299072265625,205.6999969482422,171.49880981445312,457.0717468261719,586.6842651367188
2025-05-30,200.4280242919922,205.00999450683594,171.37905883789062,458.7458190917969,586.0280151367188
2025-06-02,201.27622985839844,206.64999389648438,168.6747589111328,460.3502197265625,589.3291015625
2025-06-03,202.8429412841797,205.7100067138672,165.8307342529297,461.3467102050781,592.6898193359375
2025-06-04,202.3938751220703,207.22999572753906,167.6968231201172,462.2435302734375,592.5307006835938
2025-06-05,200.20848083496094,207.91000366210938,167.8564910888672,466.0401611328125,589.6671142578125
2025-06-06,203.49156188964844,213.57000732421875,173.3149871826172,468.730712890625,595.722412109375
2025-06-09,201.02674865722656,216.97999572753906,175.93264770507812,471.0924072265625,596.2593383789062
2025-06-10,202.24420166015625,217.61000061035156,178.44041442871094,469.2688293457031,599.6399536132812
2025-06-11,198.36236572265625,213.1999969482422,177.1915283203125,470.9628601074219,597.9297485351562
2025-06-12,198.78147888183594,213.24000549316406,175.54299926757812,477.1909484863281,600.3060913085938
2025-06-13,196.03726196289062,212.10000610351562,174.513916015625,473.2946472167969,593.5946044921875
2025-06-16,198.0031280517578,216.10000610351562,176.61204528808594,477.46002197265625,599.2421875
2025-06-17,195.2289581298828,214.82000732421875,175.7927703857422,476.3638610839844,594.12158203125
2025-06-18,196.1669921875,212.52000427246094,173.16513061523438,478.5561218261719,594.0321044921875
2025-06-20,200.5777130126953,209.69000244140625,166.4910888671875,475.7261047363281,592.636962890625
2025-06-23,201.07664489746094,208.47000122070312,165.04238891601562,484.2959289550781,598.49072265625
2025-06-24,199.87918090820312,212.77000427246094,166.62098693847656,488.3915100097656,605.1024169921875
2025-06-25,201.1365203857422,211.99000549316406,170.52748107910156,490.5439453125,605.4414672851562
2025-06-26,200.5777130126953,217.1199951171875,173.38491821289062,495.705810546875,610.1783447265625
2025-06-27,200.6575469970703,223.3000030517578,178.37046813964844,494.20111083984375,613.2098999023438
2025-06-30,204.7389373779297,219.38999938964844,176.07252502441406,495.66595458984375,616.1417846679688
2025-07-01,207.3833770751953,220.4600067138672,175.682861328125,490.3247375488281,615.9423828125
2025-07-02,211.99366760253906,219.9199981689453,178.48036193847656,489.36810302734375,618.734619140625
2025-07-03,213.10133361816406,223.41000366210938,179.36956787109375,497.0909423828125,623.611083984375
2025-07-07,209.50889587402344,223.47000122070312,176.63201904296875,495.974853515625,618.9639892578125
2025-07-08,209.5687713623047,219.36000061035156,174.20419311523438,494.8786926269531,618.6249389648438
2025-07-09,210.69639587402344,222.5399932861328,176.46217346191406,501.74456787109375,622.3345947265625
2025-07-10,211.9637451171875,222.25999450683594,177.46127319335938,499.7216796875,624.0897827148438
2025-07-11,210.7163543701172,225.02000427246094,180.02899169921875,501.55523681640625,621.8958129882812
2025-07-14,208.1816864013672,225.69000244140625,181.3977508544922,501.2562561035156,623.08251953125
2025-07-15,208.67066955566406,226.35000610351562,181.83737182617188,504.04644775390625,620.419921875
2025-07-16,209.7184600830078,223.19000244140625,182.80650329589844,503.8471374511719,622.494140625
2025-07-17,209.57875061035156,223.8800048828125,183.41595458984375,509.9058532714844,626.3035888671875
2025-07-18,210.73631286621094,226.1300048828125,184.89462280273438,508.2616271972656,625.8449096679688
2025-07-21,212.03358459472656,229.3000030517578,189.9301300048828,508.2715759277344,627.0316162109375
2025-07-22,213.9495391845703,227.47000122070312,191.1690216064453,503.4983825683594,627.121337890625
2025-07-23,213.7000732421875,228.2899932861328,190.0600128173828,504.0962829589844,632.4566040039062
2025-07-24,213.31089782714844,232.22999572753906,191.99827575683594,509.0887145996094,632.6659545898438
2025-07-25,213.43064880371094,231.44000244140625,193.0073699951172,511.9088439941406,635.3385620117188
2025-07-28,213.6002960205078,232.7899932861328,192.4079132080078,510.7030334472656,635.1790161132812
2025-07-29,210.8261260986328,231.00999450683594,195.5750732421875,510.7727966308594,633.503662109375
2025-07-30,208.6107940673828,230.19000244140625,196.35438537597656,511.4404296875,632.7058715820312
2025-07-31,207.1339111328125,234.11000061035156,191.728515625,531.62939453125,630.3324584960938
2025-08-01,201.95480346679688,214.75,188.96099853515625,522.2723388671875,620.0010375976562
2025-08-04,202.9227752685547,211.64999389648438,194.86570739746094,533.7619018554688,629.4249267578125
2025-08-05,202.49366760253906,213.75,194.4960479736328,525.8995361328125,626.2337646484375
2025-08-06,212.8019561767578,222.30999755859375,195.91476440429688,523.0994262695312,631.030517578125
2025-08-07,219.56771850585938,223.1300048828125,196.34439086914062,519.0138549804688,630.501953125
2025-08-08,228.86813354492188,222.69000244140625,201.24000549316406,520.2095947265625,635.4183349609375
2025-08-11,226.95997619628906,221.3000030517578,200.8203887939453,519.9405517578125,634.1618041992188
2025-08-12,229.42758178710938,221.47000122070312,203.15829467773438,527.3843383789062,640.9131469726562
2025-08-13,233.10403442382812,224.55999755859375,201.779541015625,518.7547607421875,643.1070556640625
2025-08-14,232.5545654296875,230.97999572753906,202.75865173339844,520.6480102539062,643.1668701171875
2025-08-15,231.36570739746094,231.02999877929688,203.71778869628906,518.3461303710938,641.6610717773438
2025-08-18,230.66639709472656,231.49000549316406,203.3181610107422,515.286865234375,641.5214233398438
2025-08-19,230.3367156982422,228.00999450683594,201.389892578125,507.98260498046875,638.0410766601562
2025-08-20,225.79110717773438,223.80999755859375,199.1418914794922,503.9468078613281,636.3457641601562
2025-08-21,224.68218994140625,221.9499969482422,199.57150268554688,503.2980041503906,633.7928466796875
2025-08-22,227.53941345214844,228.83999633789062,205.9058380126953,506.2824401855469,643.52587890625
2025-08-25,226.94000244140625,227.94000244140625,208.30369567871094,503.3179931640625,640.6936645507812
2025-08-26,229.08792114257812,228.7100067138672,206.95489501953125,501.1021423339844,643.3762817382812
2025-08-27,230.26678466796875,229.1199951171875,207.29458618164062,505.7933349609375,644.8422241210938
2025-08-28,232.33477783203125,231.60000610351562,211.4508819580078,508.68792724609375,647.1258544921875
2025-08-29,231.91517639160156,229.0,212.71974182128906,505.7434387207031,643.2666015625
2025-09-02,229.49752807617188,225.33999633789062,211.16114807128906,504.1763610839844,638.4998168945312
2025-09-03,238.2390594482422,225.99000549316406,230.45388793945312,504.40594482421875,641.960205078125
2025-09-04,239.5477752685547,235.67999267578125,232.09242248535156,507.02105712890625,647.3253173828125
2025-09-05,239.45787048339844,232.3300018310547,234.79000854492188,494.0752868652344,645.4505004882812
2025-09-08,237.64962768554688,235.83999633789062,234.0399932861328,497.2693176269531,647.0361328125
2025-09-09,234.123046875,238.24000549316406,239.6300048828125,497.4789123535156,648.531982421875
2025-09-10,226.5703582763672,230.3300018310547,239.1699981689453,499.43524169921875,650.4067993164062
2025-09-11,229.80722045898438,229.9499969482422,240.3699951171875,500.0740661621094,655.8118286132812
2025-09-12,233.84332275390625,228.14999389648438,240.8000030517578,508.94744873046875,655.5924072265625
2025-09-15,236.47076416015625,231.42999267578125,251.61000061035156,514.397216796875,659.0827026367188
2025-09-16,237.9193572998047,234.0500030517578,251.16000366210938,508.08905029296875,658.1752319335938
2025-09-17,238.75856018066406,231.6199951171875,249.52999877929688,509.06719970703125,657.3575439453125
2025-09-18,237.64962768554688,231.22999572753906,252.02999877929688,507.5001525878906,660.4290161132812
2025-09-19,245.26223754882812,231.47999572753906,254.72000122070312,516.96240234375,663.7000122070312
2025-09-22,255.8319854736328,227.6300048828125,252.52999877929688,513.4889526367188,666.8400268554688
2025-09-23,254.18359375,220.7100067138672,251.66000366210938,508.2787170410156,663.2100219726562
2025-09-24,252.06564331054688,220.2100067138672,247.13999938964844,509.19696044921875,661.0999755859375
2025-09-25,256.6212158203125,218.14999389648438,245.7899932861328,506.0827941894531,658.0499877929688
2025-09-26,255.2126007080078,219.77999877929688,246.5399932861328,510.5045166015625,661.8200073242188
2025-09-29,254.18359375,222.1699981689453,244.0500030517578,513.6386108398438,663.6799926757812
2025-09-30,254.38340759277344,219.57000732421875,243.10000610351562,516.982421875,666.1799926757812
2025-10-01,255.20260620117188,220.6300048828125,244.89999389648438,518.7391357421875,668.4500122070312
2025-10-02,256.8809814453125,222.41000366210938,245.69000244140625,514.7765502929688,669.219970703125
2025-10-03,257.7701110839844,219.50999450683594,245.35000610351562,516.3834838867188,669.2100219726562
2025-10-06,256.44140625,220.89999389648438,250.42999267578125,527.5825805664062,671.6099853515625
2025-10-07,256.23162841796875,221.77999877929688,245.75999450683594,523.0010986328125,669.1199951171875
2025-10-08,257.8100891113281,225.22000122070312,244.6199951171875,523.8695068359375,673.1099853515625
2025-10-09,253.79396057128906,227.74000549316406,241.52999877929688,521.4241333007812,671.1599731445312
2025-10-10,245.032470703125,216.3699951171875,236.57000732421875,510.0054626464844,653.02001953125
2025-10-13,247.42015075683594,220.07000732421875,244.14999389648438,513.0896606445312,663.0399780273438
2025-10-14,247.53004455566406,216.38999938964844,245.4499969482422,512.610595703125,662.22998046875
2025-10-15,249.09852600097656,215.57000732421875,251.02999877929688,512.4708251953125,665.1699829101562
2025-10-16,247.21035766601562,214.47000122070312,251.4600067138672,510.65423583984375,660.6400146484375
2025-10-17,252.045654296875,213.0399932861328,253.3000030517578,512.62060546875,664.3900146484375
2025-10-20,261.98602294921875,216.47999572753906,256.54998779296875,515.8245239257812,671.2999877929688
2025-10-21,262.5155029296875,222.02999877929688,250.4600067138672,516.6929321289062,671.2899780273438
2025-10-22,258.19970703125,217.9499969482422,251.69000244140625,519.5675659179688,667.7999877929688
2025-10-23,259.3285827636719,221.08999633789062,253.0800018310547,519.5875244140625,671.760009765625
2025-10-24,262.56549072265625,224.2100067138672,259.9200134277344,522.6318359375,677.25
2025-10-27,268.5496520996094,226.97000122070312,269.2699890136719,530.527099609375,685.239990234375
2025-10-28,268.7394714355469,229.25,267.4700012207031,541.057373046875,687.0599975585938
2025-10-29,269.4388122558594,230.3000030517578,274.57000732421875,540.538330078125,687.3900146484375
2025-10-30,271.13714599609375,222.86000061035156,281.4800109863281,524.77783203125,679.8300170898438
